Request,code_lines,,,,,Request,cost,,,,,Request,duration,,,,,Request,env_lines,,,,,Request,manual_lines,,,,,Request,model_type,,,,,Request,num_code_files,,,,,Request,num_completion_tokens,,,,,Request,num_doc_files,,,,,Request,num_png_files,,,,,Request,num_prompt_tokens,,,,,Request,num_reflection,,,,,Request,num_total_tokens,,,,,Request,num_utterance,,,,,Request,version_updates,,,,
,FOCM,FocusBlocks,Knight's Tour,Memory Match,Personal Finance Tracker,,FOCM,FocusBlocks,Knight's Tour,Memory Match,Personal Finance Tracker,,FOCM,FocusBlocks,Knight's Tour,Memory Match,Personal Finance Tracker,,FOCM,FocusBlocks,Knight's Tour,Memory Match,Personal Finance Tracker,,FOCM,FocusBlocks,Knight's Tour,Memory Match,Personal Finance Tracker,,FOCM,FocusBlocks,Knight's Tour,Memory Match,Personal Finance Tracker,,FOCM,FocusBlocks,Knight's Tour,Memory Match,Personal Finance Tracker,,FOCM,FocusBlocks,Knight's Tour,Memory Match,Personal Finance Tracker,,FOCM,FocusBlocks,Knight's Tour,Memory Match,Personal Finance Tracker,,FOCM,FocusBlocks,Knight's Tour,Memory Match,Personal Finance Tracker,,FOCM,FocusBlocks,Knight's Tour,Memory Match,Personal Finance Tracker,,FOCM,FocusBlocks,Knight's Tour,Memory Match,Personal Finance Tracker,,FOCM,FocusBlocks,Knight's Tour,Memory Match,Personal Finance Tracker,,FOCM,FocusBlocks,Knight's Tour,Memory Match,Personal Finance Tracker,,FOCM,FocusBlocks,Knight's Tour,Memory Match,Personal Finance Tracker
req1,37,55,62,98,88,req1,"0,0232505","0,032063","0,0358305","0,029069","0,0305725",req1,"50,0","76,0","81,0","75,0","72,0",req1,2,2,2,1,2,req1,38,35,51,38,32,req1,"gpt-3,5-turbo","gpt-3,5-turbo","gpt-3,5-turbo","gpt-3,5-turbo","gpt-3,5-turbo",req1,2,3,6,3,5,req1,3124,5182,5745,4363,4706,req1,8,8,13,8,8,req1,0,0,0,0,0,req1,11335,14466,16227,13562,14107,req1,1,1,1,1,1,req1,14459,19648,21972,17925,18813,req1,24,27,24,24,24,req1,"5,0","6,0","5,0","5,0","5,0"
req2,91,63,74,99,112,req2,"0,031060499999999998","0,026251999999999998","0,028929500000000004","0,030506500000000002","0,068834",req2,"63,0","49,0","58,0","63,0","109,0",req2,1,2,1,1,1,req2,56,38,49,85,72,req2,"gpt-3,5-turbo","gpt-3,5-turbo","gpt-3,5-turbo","gpt-3,5-turbo","gpt-3,5-turbo",req2,2,3,6,3,5,req2,4419,3130,3628,3950,6889,req2,8,8,8,8,8,req2,0,0,0,0,0,req2,14815,13328,14449,15071,36704,req2,1,1,1,1,1,req2,19234,16458,18077,19021,43593,req2,22,22,22,22,34,req2,"4,0","4,0","4,0","4,0","4,0"
req3,63,73,79,107,128,req3,"0,0297835","0,033011","0,0324275","0,031901","0,0402605",req3,"66,0","73,0","67,0","61,0","89,0",req3,2,2,1,1,3,req3,46,57,36,37,94,req3,"gpt-3,5-turbo","gpt-3,5-turbo","gpt-3,5-turbo","gpt-3,5-turbo","gpt-3,5-turbo",req3,2,3,6,3,5,req3,4250,4189,4186,3847,5602,req3,8,8,8,8,8,req3,0,0,0,0,0,req3,14189,16422,16037,16138,19371,req3,1,1,1,1,1,req3,18439,20611,20223,19985,24973,req3,22,24,22,22,24,req3,"4,0","5,0","4,0","4,0","4,0"
req4,63,90,87,107,128,req4,"0,034472499999999996","0,033386","0,0334165","0,0327795","0,042112000000000004",req4,"67,0","58,0","58,0","65,0","91,0",req4,1,-1,1,-1,3,req4,57,39,40,37,110,req4,"gpt-3,5-turbo","gpt-3,5-turbo","gpt-3,5-turbo","gpt-3,5-turbo","gpt-3,5-turbo",req4,2,3,6,3,5,req4,4970,3946,4019,3816,5564,req4,8,7,8,7,8,req4,0,0,0,0,0,req4,16355,16996,16919,16765,20656,req4,1,1,1,1,1,req4,21325,20942,20938,20581,26220,req4,22,22,22,22,24,req4,"4,0","4,0","4,0","4,0","4,0"
req5,81,111,88,106,182,req5,"0,0347205","0,0986745","0,0333405","0,035389500000000004","0,044777",req5,"66,0","120,0","55,0","61,0","87,0",req5,2,2,0,1,3,req5,62,39,41,44,75,req5,"gpt-3,5-turbo","gpt-3,5-turbo","gpt-3,5-turbo","gpt-3,5-turbo","gpt-3,5-turbo",req5,2,3,6,3,5,req5,4257,6342,3663,4356,5896,req5,8,8,8,8,8,req5,0,0,0,0,0,req5,17471,57327,17343,17785,21990,req5,1,2,1,1,1,req5,21728,63669,21006,22141,27886,req5,22,43,22,22,22,req5,"4,0","4,0","4,0","4,0","4,0"
req6,82,249,88,108,183,req6,"0,034839","0,061628","0,034767000000000006","0,034895499999999996","0,0509735",req6,"54,0","112,0","61,0","61,0","91,0",req6,2,2,2,1,3,req6,55,42,36,43,89,req6,"gpt-3,5-turbo","gpt-3,5-turbo","gpt-3,5-turbo","gpt-3,5-turbo","gpt-3,5-turbo",req6,2,4,6,3,5,req6,3600,8164,3762,4229,6553,req6,8,8,8,8,8,req6,0,0,0,0,0,req6,18426,30200,18162,17625,25245,req6,1,1,1,1,1,req6,22026,38364,21924,21854,31798,req6,22,25,22,22,22,req6,"4,0","4,0","4,0","4,0","4,0"
req7,82,254,88,109,181,req7,"0,0353955","0,06672650000000001","0,0383135","0,035364","0,0514165",req7,"50,0","130,0","61,0","56,0","103,0",req7,2,1,2,1,2,req7,42,50,38,31,52,req7,"gpt-3,5-turbo","gpt-3,5-turbo","gpt-3,5-turbo","gpt-3,5-turbo","gpt-3,5-turbo",req7,2,4,6,3,5,req7,3426,8782,3895,3789,6212,req7,8,8,8,8,8,req7,0,0,0,0,0,req7,19029,32775,20349,18524,25995,req7,1,1,1,1,1,req7,22455,41557,24244,22313,32207,req7,22,24,24,22,22,req7,"4,0","4,0","4,0","4,0","4,0"
req8,141,257,128,109,182,req8,"0,044927999999999996","0,059838","0,039434000000000004","0,0362685","0,076317",req8,"75,0","102,0","60,0","59,0","271,0",req8,2,1,1,1,1,req8,77,100,38,42,88,req8,"gpt-3,5-turbo","gpt-3,5-turbo","gpt-3,5-turbo","gpt-3,5-turbo","gpt-3,5-turbo",req8,2,4,7,3,5,req8,5433,7266,4129,3906,18441,req8,8,8,8,8,8,req8,0,0,0,0,0,req8,22708,30204,20784,18971,26290,req8,1,1,1,1,1,req8,28141,37470,24913,22877,44731,req8,22,22,22,22,22,req8,"4,0","4,0","4,0","4,0","4,0"
req9,138,257,140,112,229,req9,"0,052696","0,07323","0,050728","0,038311","0,0603835",req9,"92,0","115,0","93,0","62,0","112,0",req9,2,1,0,1,1,req9,83,50,40,45,49,req9,"gpt-3,5-turbo","gpt-3,5-turbo","gpt-3,5-turbo","gpt-3,5-turbo","gpt-3,5-turbo",req9,2,4,7,3,5,req9,6383,7599,6356,4148,7112,req9,8,8,8,8,8,req9,0,0,0,0,0,req9,26620,38688,25344,20010,30773,req9,1,1,1,1,1,req9,33003,46287,31700,24158,37885,req9,22,29,22,22,22,req9,"4,0","4,0","4,0","4,0","4,0"
req10,140,259,196,112,329,req10,"0,052027500000000004","0,0655755","0,0616895","0,0386495","0,085678",req10,"79,0","111,0","115,0","64,0","182,0",req10,2,1,1,1,-1,req10,51,48,46,46,44,req10,"gpt-3,5-turbo","gpt-3,5-turbo","gpt-3,5-turbo","gpt-3,5-turbo","gpt-3,5-turbo",req10,2,4,7,3,5,req10,5637,8061,7954,3925,12641,req10,8,8,8,8,7,req10,0,0,0,0,0,req10,27169,32969,30521,20533,40264,req10,1,1,1,1,1,req10,32806,41030,38475,24458,52905,req10,22,22,22,22,22,req10,"4,0","4,0","4,0","4,0","4,0"
req11,140,259,200,112,340,req11,"0,055121","0,0668725","0,060458","0,04001","0,093546",req11,"87,0","100,0","94,0","59,0","198,0",req11,4,1,1,1,4,req11,56,70,54,51,65,req11,"gpt-3,5-turbo","gpt-3,5-turbo","gpt-3,5-turbo","gpt-3,5-turbo","gpt-3,5-turbo",req11,2,4,7,3,5,req11,6277,7436,6220,3979,13398,req11,8,8,8,8,8,req11,0,0,0,0,0,req11,28378,34667,32012,21368,44500,req11,1,1,1,1,1,req11,34655,42103,38232,25347,57898,req11,22,24,22,22,22,req11,"4,0","4,0","4,0","4,0","4,0"
req12,140,259,209,112,376,req12,"0,06428450000000001","0,0688355","0,066066","0,042225","0,11531950000000002",req12,"113,0","123,0","110,0","69,0","297,0",req12,2,1,1,1,4,req12,42,40,47,54,85,req12,"gpt-3,5-turbo","gpt-3,5-turbo","gpt-3,5-turbo","gpt-3,5-turbo","gpt-3,5-turbo",req12,2,4,7,3,5,req12,8401,7339,7797,4455,21644,req12,8,8,8,8,8,req12,0,0,0,0,0,req12,31655,36105,33648,22210,48021,req12,1,1,1,1,1,req12,40056,43444,41445,26665,69665,req12,22,24,22,22,22,req12,"4,0","4,0","4,0","4,0","4,0"
req13,140,259,212,113,417,req13,"0,056080000000000005","0,0667865","0,063256","0,041795","0,10098950000000001",req13,"83,0","104,0","112,0","65,0","184,0",req13,1,1,3,2,4,req13,46,62,40,40,82,req13,"gpt-3,5-turbo","gpt-3,5-turbo","gpt-3,5-turbo","gpt-3,5-turbo","gpt-3,5-turbo",req13,2,4,7,3,5,req13,5777,7531,5639,4117,13081,req13,8,8,8,8,8,req13,0,0,0,0,0,req13,29684,34483,34652,22374,49885,req13,1,1,1,1,1,req13,35461,42014,40291,26491,62966,req13,22,22,22,22,22,req13,"4,0","4,0","4,0","4,0","4,0"
req14,140,278,227,113,412,req14,"0,058110999999999996","0,0807805","0,0697985","0,041714999999999995","0,19215549999999998",req14,"87,0","147,0","139,0","60,0","249,0",req14,2,2,3,0,4,req14,110,56,116,49,66,req14,"gpt-3,5-turbo","gpt-3,5-turbo","gpt-3,5-turbo","gpt-3,5-turbo","gpt-3,5-turbo",req14,2,4,7,3,5,req14,6590,9629,8086,3924,16178,req14,8,8,8,8,8,req14,0,0,0,0,0,req14,29954,41015,35751,22578,106533,req14,1,1,1,1,2,req14,36544,50644,43837,26502,122711,req14,22,26,22,22,43,req14,"4,0","4,0","4,0","4,0","4,0"
req15,142,297,228,146,412,req15,"0,057019","0,0706475","0,069453","0,046900500000000005","0,1690625",req15,"81,0","108,0","135,0","75,0","222,0",req15,2,1,1,1,4,req15,49,53,66,55,91,req15,"gpt-3,5-turbo","gpt-3,5-turbo","gpt-3,5-turbo","gpt-3,5-turbo","gpt-3,5-turbo",req15,2,4,7,3,5,req15,5624,7867,6774,5031,15169,req15,8,8,8,8,8,req15,0,0,0,0,0,req15,30514,36609,37270,24559,92483,req15,1,1,1,1,2,req15,36138,44476,44044,29590,107652,req15,22,22,22,22,43,req15,"4,0","4,0","4,0","4,0","4,0"
req16,142,301,245,146,413,req16,"0,05973250000000001","0,0758925","0,076096","0,049558500000000005","0,12022550000000001",req16,"85,0","118,0","143,0","74,0","269,0",req16,2,1,-1,1,4,req16,49,91,50,46,57,req16,"gpt-3,5-turbo","gpt-3,5-turbo","gpt-3,5-turbo","gpt-3,5-turbo","gpt-3,5-turbo",req16,2,4,7,3,5,req16,6200,8946,7775,5229,18919,req16,8,8,7,8,8,req16,0,0,0,0,0,req16,31555,38667,40364,26067,54925,req16,1,1,1,1,1,req16,37755,47613,48139,31296,73844,req16,22,22,23,22,22,req16,"4,0","4,0","4,0","4,0","4,0"
req17,142,309,246,146,413,req17,"0,059434","0,076097","0,080036","0,04942","0,106555",req17,"81,0","117,0","253,0","77,0","185,0",req17,2,1,1,1,4,req17,102,39,45,61,98,req17,"gpt-3,5-turbo","gpt-3,5-turbo","gpt-3,5-turbo","gpt-3,5-turbo","gpt-3,5-turbo",req17,2,4,7,3,5,req17,6116,8314,8725,4757,13307,req17,8,8,8,8,8,req17,0,0,0,0,0,req17,31468,39646,41724,26604,53294,req17,1,1,1,1,1,req17,37584,47960,50449,31361,66601,req17,22,22,23,22,22,req17,"4,0","4,0","4,0","4,0","4,0"
req18,139,306,246,146,411,req18,"0,059666","0,090259","0,076927","0,050174500000000004","0,10855550000000001",req18,"81,0","125,0","188,0","77,0","203,0",req18,2,1,2,1,2,req18,54,53,50,50,134,req18,"gpt-3,5-turbo","gpt-3,5-turbo","gpt-3,5-turbo","gpt-3,5-turbo","gpt-3,5-turbo",req18,2,4,7,3,5,req18,5665,8711,8171,4919,13975,req18,8,8,8,8,8,req18,0,0,0,0,0,req18,32224,48558,40390,26891,53737,req18,1,1,1,1,1,req18,37889,57269,48561,31810,67712,req18,22,28,22,22,22,req18,"4,0","4,0","4,0","4,0","4,0"
req19,139,306,267,146,414,req19,"0,0628625","0,07676150000000001","0,08036900000000001","0,050489","0,17905000000000001",req19,"90,0","112,0","279,0","69,0","225,0",req19,2,1,1,1,4,req19,48,50,54,51,45,req19,"gpt-3,5-turbo","gpt-3,5-turbo","gpt-3,5-turbo","gpt-3,5-turbo","gpt-3,5-turbo",req19,2,4,7,3,5,req19,6466,8134,8758,4627,14723,req19,8,8,8,8,8,req19,0,0,0,0,0,req19,33287,40329,41902,27490,99736,req19,1,1,1,1,2,req19,39753,48463,50660,32117,114459,req19,22,22,22,22,43,req19,"4,0","4,0","4,0","4,0","4,0"
req20,140,313,267,146,386,req20,"0,0623505","0,0805705","0,0889235","0,0530395","0,10474750000000001",req20,"86,0","127,0","222,0","83,0","176,0",req20,2,1,3,1,3,req20,48,97,49,78,65,req20,"gpt-3,5-turbo","gpt-3,5-turbo","gpt-3,5-turbo","gpt-3,5-turbo","gpt-3,5-turbo",req20,2,4,7,3,5,req20,5928,9002,9310,5312,12359,req20,8,8,8,8,8,req20,0,0,0,0,0,req20,33663,41711,46869,28277,53353,req20,1,1,1,1,1,req20,39591,50713,56179,33589,65712,req20,22,22,24,22,22,req20,"4,0","4,0","4,0","4,0","4,0"
req21,137,314,267,145,386,req21,"0,0624005","0,084587","0,087391","0,0543525","0,10397050000000001",req21,"81,0","133,0","231,0","88,0","183,0",req21,1,1,1,1,3,req21,48,56,55,50,81,req21,"gpt-3,5-turbo","gpt-3,5-turbo","gpt-3,5-turbo","gpt-3,5-turbo","gpt-3,5-turbo",req21,2,4,7,3,5,req21,5638,8656,8435,5640,12275,req21,8,8,8,8,8,req21,0,0,0,0,0,req21,34083,44850,47014,28715,52947,req21,1,1,1,1,1,req21,39721,53506,55449,34355,65222,req21,22,24,24,22,22,req21,"4,0","4,0","4,0","4,0","4,0"
req22,137,315,264,145,397,req22,"0,0619675","0,0861405","0,100073","0,0569115","0,10690250000000001",req22,"76,0","131,0","220,0","79,0","186,0",req22,2,1,3,1,3,req22,43,42,72,59,100,req22,"gpt-3,5-turbo","gpt-3,5-turbo","gpt-3,5-turbo","gpt-3,5-turbo","gpt-3,5-turbo",req22,2,4,7,3,5,req22,5255,8673,9973,4998,12781,req22,8,8,8,8,8,req22,0,0,0,0,0,req22,34305,45863,53418,31277,54227,req22,1,1,1,1,1,req22,39560,54536,63391,36275,67008,req22,22,24,28,24,22,req22,"4,0","4,0","4,0","4,0","4,0"
req23,137,320,264,145,397,req23,"0,064546","0,090079","0,0884355","0,05363500000000001","0,107236",req23,"85,0","136,0","156,0","75,0","176,0",req23,2,1,1,1,4,req23,61,53,54,54,92,req23,"gpt-3,5-turbo","gpt-3,5-turbo","gpt-3,5-turbo","gpt-3,5-turbo","gpt-3,5-turbo",req23,2,4,7,3,5,req23,5876,9611,8124,4733,12341,req23,8,8,8,8,8,req23,0,0,0,0,0,req23,35196,47238,48125,29446,55036,req23,1,1,1,1,1,req23,41072,56849,56249,34179,67377,req23,22,24,24,22,22,req23,"4,0","4,0","4,0","4,0","4,0"
req24,137,320,276,146,396,req24,"0,06547800000000001","0,0849445","0,088521","0,0563835","0,10932200000000002",req24,"85,0","124,0","158,0","81,0","196,0",req24,2,1,0,1,3,req24,65,57,55,59,94,req24,"gpt-3,5-turbo","gpt-3,5-turbo","gpt-3,5-turbo","gpt-3,5-turbo","gpt-3,5-turbo",req24,2,4,7,3,5,req24,5811,8408,9303,5277,12769,req24,8,8,8,8,8,req24,0,0,0,0,0,req24,35904,45419,46610,30553,55856,req24,1,1,1,1,1,req24,41715,53827,55913,35830,68625,req24,22,23,22,22,22,req24,"4,0","4,0","4,0","4,0","4,0"
req25,137,319,276,146,396,req25,"0,068049","0,095431","0,0944975","0,057135500000000006","0,111042",req25,"96,0","203,0","160,0","75,0","193,0",req25,1,-1,2,1,3,req25,113,162,67,73,137,req25,"gpt-3,5-turbo","gpt-3,5-turbo","gpt-3,5-turbo","gpt-3,5-turbo","gpt-3,5-turbo",req25,2,4,7,3,5,req25,6492,14084,9622,5269,13278,req25,8,7,8,8,8,req25,0,0,0,0,0,req25,36710,44842,50169,31065,56324,req25,1,1,1,1,1,req25,43202,58926,59791,36334,69602,req25,22,22,24,22,22,req25,"4,0","4,0","4,0","4,0","4,0"
req26,137,319,278,146,396,req26,"0,066689","0,08521400000000001","0,09460199999999999","0,057430999999999996","0,112095",req26,"79,0","129,0","150,0","77,0","205,0",req26,2,1,3,1,4,req26,63,47,76,58,90,req26,"gpt-3,5-turbo","gpt-3,5-turbo","gpt-3,5-turbo","gpt-3,5-turbo","gpt-3,5-turbo",req26,2,4,7,3,5,req26,5548,8467,10053,5122,12924,req26,8,8,8,8,8,req26,0,0,0,0,0,req26,37062,45520,49664,31458,57498,req26,1,1,1,1,1,req26,42610,53987,59717,36580,70422,req26,22,22,23,22,22,req26,"4,0","4,0","4,0","4,0","4,0"
req27,137,319,278,146,396,req27,"0,068373","0,086424","0,099358","0,057946000000000004","0,124441",req27,"83,0","127,0","193,0","79,0","187,0",req27,1,1,1,1,3,req27,52,72,103,72,96,req27,"gpt-3,5-turbo","gpt-3,5-turbo","gpt-3,5-turbo","gpt-3,5-turbo","gpt-3,5-turbo",req27,2,4,7,3,5,req27,5622,8667,10796,5108,12881,req27,8,8,8,8,8,req27,0,0,0,0,0,req27,38086,46060,51844,31820,65786,req27,1,1,1,1,1,req27,43708,54727,62640,36928,78667,req27,22,22,24,22,27,req27,"4,0","4,0","4,0","4,0","4,0"
req28,137,322,276,146,396,req28,"0,0713165","0,0913725","0,095452","0,059935","0,11847300000000001",req28,"88,0","147,0","164,0","84,0","194,0",req28,2,1,3,1,4,req28,111,90,58,73,90,req28,"gpt-3,5-turbo","gpt-3,5-turbo","gpt-3,5-turbo","gpt-3,5-turbo","gpt-3,5-turbo",req28,2,4,7,3,5,req28,6364,9846,8750,5327,12885,req28,8,8,8,8,8,req28,0,0,0,0,0,req28,39059,47787,51968,32854,61802,req28,1,1,1,1,1,req28,45423,57633,60718,38181,74687,req28,22,22,24,22,24,req28,"4,0","4,0","4,0","4,0","4,0"
req29,137,322,278,146,397,req29,"0,07033500000000001","0,090092","0,095665","0,0599725","0,11390449999999999",req29,"78,0","134,0","139,0","84,0","189,0",req29,2,1,3,1,2,req29,61,134,68,59,99,req29,"gpt-3,5-turbo","gpt-3,5-turbo","gpt-3,5-turbo","gpt-3,5-turbo","gpt-3,5-turbo",req29,2,4,7,3,5,req29,5580,9409,8234,4970,12568,req29,8,8,8,8,8,req29,0,0,0,0,0,req29,39450,47516,52798,33355,59179,req29,1,1,1,1,1,req29,45030,56925,61032,38325,71747,req29,22,22,24,22,22,req29,"4,0","4,0","4,0","4,0","4,0"
req30,137,324,278,143,397,req30,"0,0716425","0,09453500000000001","0,0982855","0,061516999999999995","0,1203735",req30,"77,0","151,0","182,0","81,0","192,0",req30,1,1,3,1,4,req30,53,217,57,80,88,req30,"gpt-3,5-turbo","gpt-3,5-turbo","gpt-3,5-turbo","gpt-3,5-turbo","gpt-3,5-turbo",req30,2,4,7,3,5,req30,5483,10597,9125,5164,12300,req30,8,8,8,8,8,req30,0,0,0,0,0,req30,40451,48894,53357,34126,63849,req30,1,1,1,1,1,req30,45934,59491,62482,39290,76149,req30,22,22,24,22,25,req30,"4,0","4,0","4,0","4,0","4,0"
req31,135,324,295,143,397,req31,"0,072652","0,094447","0,10074350000000001","0,0673285","0,1166905",req31,"78,0","137,0","175,0","100,0","195,0",req31,2,0,1,1,2,req31,56,53,116,60,94,req31,"gpt-3,5-turbo","gpt-3,5-turbo","gpt-3,5-turbo","gpt-3,5-turbo","gpt-3,5-turbo",req31,2,4,7,3,5,req31,5471,9815,9487,5453,12989,req31,8,8,8,8,8,req31,0,0,0,0,0,req31,41140,49878,54513,37615,60475,req31,1,1,1,1,1,req31,46611,59693,64000,43068,73464,req31,22,22,24,24,22,req31,"4,0","4,0","4,0","4,0","4,0"
req32,135,327,296,143,397,req32,"0,0731005","0,10542","0,100854","0,0667905","0,200624",req32,"79,0","154,0","174,0","75,0","234,0",req32,1,1,1,1,4,req32,63,127,58,41,141,req32,"gpt-3,5-turbo","gpt-3,5-turbo","gpt-3,5-turbo","gpt-3,5-turbo","gpt-3,5-turbo",req32,2,4,7,3,5,req32,5225,11115,10398,4971,15595,req32,8,8,8,8,8,req32,0,0,0,0,0,req32,41767,55460,53372,37899,112956,req32,1,1,1,1,2,req32,46992,66575,63770,42870,128551,req32,22,24,22,24,43,req32,"4,0","4,0","4,0","4,0","4,0"
req33,135,334,296,143,392,req33,"0,0750565","0,09811299999999999","0,11121800000000001","0,064328","0,11921000000000001",req33,"80,0","136,0","156,0","77,0","194,0",req33,1,1,1,1,2,req33,55,101,46,61,98,req33,"gpt-3,5-turbo","gpt-3,5-turbo","gpt-3,5-turbo","gpt-3,5-turbo","gpt-3,5-turbo",req33,2,4,7,3,5,req33,5417,10295,10510,5278,13027,req33,8,8,8,8,8,req33,0,0,0,0,0,req33,42815,51682,60132,35848,62104,req33,1,1,1,1,1,req33,48232,61977,70642,41126,75131,req33,22,22,25,22,22,req33,"4,0","4,0","4,0","4,0","4,0"
req34,138,338,296,143,392,req34,"0,075965","0,0982855","0,1046915","0,0651665","0,12256850000000001",req34,"81,0","140,0","145,0","77,0","216,0",req34,1,0,3,1,2,req34,65,96,64,61,92,req34,"gpt-3,5-turbo","gpt-3,5-turbo","gpt-3,5-turbo","gpt-3,5-turbo","gpt-3,5-turbo",req34,2,4,7,3,5,req34,5494,9554,10591,5197,14467,req34,8,8,8,8,8,req34,0,0,0,0,0,req34,43318,52785,55673,36515,62423,req34,1,1,1,1,1,req34,48812,62339,66264,41712,76890,req34,22,22,23,22,22,req34,"4,0","4,0","4,0","4,0","4,0"
req35,138,,293,143,392,req35,"0,077709",,"0,1074125","0,064974","0,12113200000000002",req35,"85,0",,"141,0","74,0","188,0",req35,1,,3,1,2,req35,71,,72,62,128,req35,"gpt-3,5-turbo",,"gpt-3,5-turbo","gpt-3,5-turbo","gpt-3,5-turbo",req35,2,,7,3,5,req35,5643,,10273,4899,13229,req35,8,,8,8,8,req35,0,,0,0,0,req35,44282,,57911,36784,63116,req35,1,,1,1,1,req35,49925,,68184,41683,76345,req35,22,,24,22,22,req35,"4,0",,"4,0","4,0","4,0"
req36,138,,297,143,392,req36,"0,07832850000000001",,"0,10253399999999999","0,0671685","0,1295615",req36,"83,0",,"127,0","82,0","246,0",req36,2,,1,1,4,req36,90,,61,68,99,req36,"gpt-3,5-turbo",,"gpt-3,5-turbo","gpt-3,5-turbo","gpt-3,5-turbo",req36,2,,7,3,5,req36,5649,,9501,5307,15934,req36,8,,8,8,8,req36,0,,0,0,0,req36,44687,,55688,37703,65129,req36,1,,1,1,1,req36,50336,,65189,43010,81063,req36,22,,22,22,22,req36,"4,0",,"4,0","4,0","4,0"
req37,139,,297,143,392,req37,"0,08390199999999999",,"0,10425300000000001","0,0687065","0,1269185",req37,"99,0",,"135,0","81,0","185,0",req37,1,,1,1,2,req37,68,,65,80,87,req37,"gpt-3,5-turbo",,"gpt-3,5-turbo","gpt-3,5-turbo","gpt-3,5-turbo",req37,2,,7,3,5,req37,6542,,9918,5527,12718,req37,8,,8,8,8,req37,0,,0,0,0,req37,47212,,56278,38435,67655,req37,1,,1,1,1,req37,53754,,66196,43962,80373,req37,22,,22,22,24,req37,"4,0",,"4,0","4,0","4,0"
req38,139,,297,143,392,req38,"0,0832585",,"0,10812550000000001","0,068486","0,1232445",req38,"88,0",,"176,0","75,0","180,0",req38,1,,1,1,2,req38,69,,58,66,96,req38,"gpt-3,5-turbo",,"gpt-3,5-turbo","gpt-3,5-turbo","gpt-3,5-turbo",req38,2,,7,3,5,req38,5918,,11507,5146,12789,req38,8,,8,8,8,req38,0,,0,0,0,req38,47615,,56741,38796,65111,req38,1,,1,1,1,req38,53533,,68248,43942,77900,req38,22,,22,22,22,req38,"4,0",,"4,0","4,0","4,0"
req39,139,,297,143,393,req39,"0,08326449999999999",,"0,10737500000000001","0,0702685","0,1253175",req39,"86,0",,"146,0","82,0","189,0",req39,2,,3,1,2,req39,82,,72,71,86,req39,"gpt-3,5-turbo",,"gpt-3,5-turbo","gpt-3,5-turbo","gpt-3,5-turbo",req39,2,,7,3,5,req39,5591,,10102,5573,13152,req39,8,,8,8,8,req39,0,,0,0,0,req39,48055,,58114,39415,66009,req39,1,,1,1,1,req39,53646,,68216,44988,79161,req39,22,,22,22,22,req39,"4,0",,"4,0","4,0","4,0"
req40,139,,394,143,393,req40,"0,086233",,"0,125391","0,0719575","0,24649050000000003",req40,"90,0",,"197,0","84,0","247,0",req40,1,,1,1,2,req40,95,,80,113,103,req40,"gpt-3,5-turbo",,"gpt-3,5-turbo","gpt-3,5-turbo","gpt-3,5-turbo",req40,2,,8,3,5,req40,6356,,13149,5909,15846,req40,8,,8,8,8,req40,0,,0,0,0,req40,49014,,66062,40093,143199,req40,1,,1,1,2,req40,55370,,79211,46002,159045,req40,22,,23,22,43,req40,"4,0",,"4,0","4,0","4,0"
req41,139,,393,143,,req41,"0,085558",,"0,129352","0,076542",,req41,"84,0",,"198,0","87,0",,req41,1,,1,1,,req41,53,,61,98,,req41,"gpt-3,5-turbo",,"gpt-3,5-turbo","gpt-3,5-turbo",,req41,2,,8,3,,req41,5687,,13781,5799,,req41,8,,8,8,,req41,0,,0,0,,req41,49456,,67860,43296,,req41,1,,1,1,,req41,55143,,81641,49095,,req41,22,,22,23,,req41,"4,0",,"4,0","4,0",
req42,136,,334,143,,req42,"0,0910005",,"0,1264015","0,073144",,req42,"101,0",,"151,0","83,0",,req42,2,,2,1,,req42,73,,74,72,,req42,"gpt-3,5-turbo",,"gpt-3,5-turbo","gpt-3,5-turbo",,req42,2,,8,3,,req42,7176,,10238,5618,,req42,8,,8,8,,req42,0,,0,0,,req42,51099,,70617,41272,,req42,1,,1,1,,req42,58275,,80855,46890,,req42,22,,24,22,,req42,"4,0",,"4,0","4,0",
req43,136,,334,143,,req43,"0,088145",,"0,11609699999999999","0,0705125",,req43,"92,0",,"145,0","75,0",,req43,-1,,1,1,,req43,77,,69,35,,req43,"gpt-3,5-turbo",,"gpt-3,5-turbo","gpt-3,5-turbo",,req43,2,,8,3,,req43,6088,,9318,4540,,req43,7,,8,8,,req43,0,,0,0,,req43,50646,,64974,40955,,req43,1,,1,1,,req43,56734,,74292,45495,,req43,22,,22,22,,req43,"4,0",,"4,0","4,0",
req44,136,,332,143,,req44,"0,0875985",,"0,121483","0,073175",,req44,"81,0",,"146,0","81,0",,req44,1,,1,1,,req44,69,,83,71,,req44,"gpt-3,5-turbo",,"gpt-3,5-turbo","gpt-3,5-turbo",,req44,2,,8,3,,req44,5517,,9428,5248,,req44,8,,8,8,,req44,0,,0,0,,req44,51043,,68418,41786,,req44,1,,1,1,,req44,56560,,77846,47034,,req44,22,,24,22,,req44,"4,0",,"4,0","4,0",
req45,136,,333,143,,req45,"0,0907955",,"0,116038","0,075609",,req45,"87,0",,"142,0","81,0",,req45,1,,3,1,,req45,72,,58,69,,req45,"gpt-3,5-turbo",,"gpt-3,5-turbo","gpt-3,5-turbo",,req45,2,,8,3,,req45,6169,,9452,5562,,req45,8,,8,8,,req45,0,,0,0,,req45,52305,,64756,42990,,req45,1,,1,1,,req45,58474,,74208,48552,,req45,22,,22,22,,req45,"4,0",,"4,0","4,0",
req46,136,,,143,,req46,"0,0911545",,,"0,07675950000000001",,req46,"87,0",,,"91,0",,req46,1,,,1,,req46,72,,,96,,req46,"gpt-3,5-turbo",,,"gpt-3,5-turbo",,req46,2,,,3,,req46,5912,,,5859,,req46,8,,,8,,req46,0,,,0,,req46,52887,,,43361,,req46,1,,,1,,req46,58799,,,49220,,req46,22,,,22,,req46,"4,0",,,"4,0",
req47,136,,,143,,req47,"0,09192800000000001",,,"0,07782750000000001",,req47,"89,0",,,"101,0",,req47,1,,,1,,req47,82,,,121,,req47,"gpt-3,5-turbo",,,"gpt-3,5-turbo",,req47,2,,,3,,req47,5956,,,5997,,req47,8,,,8,,req47,0,,,0,,req47,53344,,,43889,,req47,1,,,1,,req47,59300,,,49886,,req47,22,,,22,,req47,"4,0",,,"4,0",
req48,136,,,143,,req48,"0,093177",,,"0,077597",,req48,"90,0",,,"90,0",,req48,1,,,1,,req48,71,,,79,,req48,"gpt-3,5-turbo",,,"gpt-3,5-turbo",,req48,2,,,3,,req48,5937,,,5422,,req48,8,,,8,,req48,0,,,0,,req48,54202,,,44502,,req48,1,,,1,,req48,60139,,,49924,,req48,22,,,22,,req48,"4,0",,,"4,0",
req49,136,,,143,,req49,"0,09435099999999999",,,"0,07766949999999999",,req49,"88,0",,,"77,0",,req49,1,,,1,,req49,85,,,72,,req49,"gpt-3,5-turbo",,,"gpt-3,5-turbo",,req49,2,,,3,,req49,6110,,,5195,,req49,8,,,8,,req49,0,,,0,,req49,54754,,,44853,,req49,1,,,1,,req49,60864,,,50048,,req49,22,,,22,,req49,"4,0",,,"4,0",
req50,136,,,143,,req50,"0,095508",,,"0,08104750000000001",,req50,"91,0",,,"90,0",,req50,2,,,1,,req50,75,,,110,,req50,"gpt-3,5-turbo",,,"gpt-3,5-turbo",,req50,2,,,3,,req50,6069,,,6056,,req50,8,,,8,,req50,0,,,0,,req50,55580,,,45957,,req50,1,,,1,,req50,61649,,,52013,,req50,22,,,22,,req50,"4,0",,,"4,0",
req51,136,,,143,,req51,"0,096223",,,"0,0822725",,req51,"90,0",,,"93,0",,req51,2,,,1,,req51,80,,,71,,req51,"gpt-3,5-turbo",,,"gpt-3,5-turbo",,req51,2,,,3,,req51,6005,,,5947,,req51,8,,,8,,req51,0,,,0,,req51,56142,,,46919,,req51,1,,,1,,req51,62147,,,52866,,req51,22,,,22,,req51,"4,0",,,"4,0",
req52,136,,,143,,req52,"0,10039750000000001",,,"0,0816735",,req52,"113,0",,,"77,0",,req52,1,,,1,,req52,117,,,68,,req52,"gpt-3,5-turbo",,,"gpt-3,5-turbo",,req52,2,,,3,,req52,7496,,,5250,,req52,8,,,8,,req52,0,,,0,,req52,56937,,,47449,,req52,1,,,1,,req52,64433,,,52699,,req52,22,,,22,,req52,"4,0",,,"4,0",
req53,136,,,143,,req53,"0,098549",,,"0,08338100000000001",,req53,"92,0",,,"82,0",,req53,2,,,1,,req53,49,,,38,,req53,"gpt-3,5-turbo",,,"gpt-3,5-turbo",,req53,2,,,3,,req53,6187,,,5254,,req53,8,,,8,,req53,0,,,0,,req53,57450,,,48582,,req53,1,,,1,,req53,63637,,,53836,,req53,22,,,22,,req53,"4,0",,,"4,0",
req54,136,,,143,,req54,"0,1018415",,,"0,08573",,req54,"105,0",,,"85,0",,req54,2,,,1,,req54,122,,,74,,req54,"gpt-3,5-turbo",,,"gpt-3,5-turbo",,req54,2,,,3,,req54,7417,,,5932,,req54,8,,,8,,req54,0,,,0,,req54,58005,,,49244,,req54,1,,,1,,req54,65422,,,55176,,req54,22,,,22,,req54,"4,0",,,"4,0",
req55,136,,,,,req55,"0,10019700000000001",,,,,req55,"93,0",,,,,req55,1,,,,,req55,96,,,,,req55,"gpt-3,5-turbo",,,,,req55,2,,,,,req55,6546,,,,,req55,8,,,,,req55,0,,,,,req55,58070,,,,,req55,1,,,,,req55,64616,,,,,req55,22,,,,,req55,"4,0",,,,
req56,136,,,,,req56,"0,10008199999999999",,,,,req56,"88,0",,,,,req56,1,,,,,req56,82,,,,,req56,"gpt-3,5-turbo",,,,,req56,2,,,,,req56,6235,,,,,req56,8,,,,,req56,0,,,,,req56,58408,,,,,req56,1,,,,,req56,64643,,,,,req56,22,,,,,req56,"4,0",,,,
req57,136,,,,,req57,"0,09918199999999999",,,,,req57,"86,0",,,,,req57,1,,,,,req57,49,,,,,req57,"gpt-3,5-turbo",,,,,req57,2,,,,,req57,5182,,,,,req57,8,,,,,req57,0,,,,,req57,59212,,,,,req57,1,,,,,req57,64394,,,,,req57,22,,,,,req57,"4,0",,,,
req58,136,,,,,req58,"0,10111450000000001",,,,,req58,"86,0",,,,,req58,2,,,,,req58,101,,,,,req58,"gpt-3,5-turbo",,,,,req58,2,,,,,req58,5795,,,,,req58,8,,,,,req58,0,,,,,req58,59683,,,,,req58,1,,,,,req58,65478,,,,,req58,22,,,,,req58,"4,0",,,,
req59,136,,,,,req59,"0,109868",,,,,req59,"88,0",,,,,req59,2,,,,,req59,88,,,,,req59,"gpt-3,5-turbo",,,,,req59,2,,,,,req59,5872,,,,,req59,8,,,,,req59,0,,,,,req59,65416,,,,,req59,1,,,,,req59,71288,,,,,req59,24,,,,,req59,"4,0",,,,
req60,136,,,,,req60,"0,1025995",,,,,req60,"90,0",,,,,req60,2,,,,,req60,55,,,,,req60,"gpt-3,5-turbo",,,,,req60,2,,,,,req60,5861,,,,,req60,8,,,,,req60,0,,,,,req60,60585,,,,,req60,1,,,,,req60,66446,,,,,req60,22,,,,,req60,"4,0",,,,
req61,136,,,,,req61,"0,10239950000000002",,,,,req61,"80,0",,,,,req61,2,,,,,req61,55,,,,,req61,"gpt-3,5-turbo",,,,,req61,2,,,,,req61,5089,,,,,req61,8,,,,,req61,0,,,,,req61,61481,,,,,req61,1,,,,,req61,66570,,,,,req61,22,,,,,req61,"4,0",,,,
req62,136,,,,,req62,"0,10683250000000001",,,,,req62,"98,0",,,,,req62,1,,,,,req62,149,,,,,req62,"gpt-3,5-turbo",,,,,req62,2,,,,,req62,6743,,,,,req62,8,,,,,req62,0,,,,,req62,62231,,,,,req62,1,,,,,req62,68974,,,,,req62,22,,,,,req62,"4,0",,,,
req63,136,,,,,req63,"0,10610449999999999",,,,,req63,"91,0",,,,,req63,2,,,,,req63,111,,,,,req63,"gpt-3,5-turbo",,,,,req63,2,,,,,req63,6076,,,,,req63,8,,,,,req63,0,,,,,req63,62635,,,,,req63,1,,,,,req63,68711,,,,,req63,22,,,,,req63,"4,0",,,,
req64,136,,,,,req64,"0,10920950000000001",,,,,req64,"103,0",,,,,req64,2,,,,,req64,154,,,,,req64,"gpt-3,5-turbo",,,,,req64,2,,,,,req64,7150,,,,,req64,8,,,,,req64,0,,,,,req64,63273,,,,,req64,1,,,,,req64,70423,,,,,req64,22,,,,,req64,"4,0",,,,
req65,136,,,,,req65,"0,107751",,,,,req65,"89,0",,,,,req65,2,,,,,req65,70,,,,,req65,"gpt-3,5-turbo",,,,,req65,2,,,,,req65,5805,,,,,req65,8,,,,,req65,0,,,,,req65,64094,,,,,req65,1,,,,,req65,69899,,,,,req65,22,,,,,req65,"4,0",,,,
req66,136,,,,,req66,"0,125413",,,,,req66,"200,0",,,,,req66,2,,,,,req66,79,,,,,req66,"gpt-3,5-turbo",,,,,req66,2,,,,,req66,14240,,,,,req66,8,,,,,req66,0,,,,,req66,64622,,,,,req66,1,,,,,req66,78862,,,,,req66,22,,,,,req66,"4,0",,,,
req67,148,,,,,req67,"0,13159900000000002",,,,,req67,"120,0",,,,,req67,2,,,,,req67,156,,,,,req67,"gpt-3,5-turbo",,,,,req67,2,,,,,req67,7824,,,,,req67,8,,,,,req67,1,,,,,req67,66634,,,,,req67,1,,,,,req67,74458,,,,,req67,22,,,,,req67,"4,0",,,,
req68,174,,,,,req68,"0,431914",,,,,req68,"308,0",,,,,req68,2,,,,,req68,139,,,,,req68,"gpt-3,5-turbo",,,,,req68,2,,,,,req68,8040,,,,,req68,8,,,,,req68,19,,,,,req68,74556,,,,,req68,1,,,,,req68,82596,,,,,req68,24,,,,,req68,"4,0",,,,
req69,174,,,,,req69,"0,421163",,,,,req69,"290,0",,,,,req69,2,,,,,req69,49,,,,,req69,"gpt-3,5-turbo",,,,,req69,2,,,,,req69,6128,,,,,req69,8,,,,,req69,19,,,,,req69,69938,,,,,req69,1,,,,,req69,76066,,,,,req69,22,,,,,req69,"4,0",,,,
req70,189,,,,,req70,"0,43801049999999997",,,,,req70,"398,0",,,,,req70,3,,,,,req70,159,,,,,req70,"gpt-3,5-turbo",,,,,req70,3,,,,,req70,12190,,,,,req70,8,,,,,req70,19,,,,,req70,73087,,,,,req70,1,,,,,req70,85277,,,,,req70,22,,,,,req70,"4,0",,,,
